anime_id,title,genre,synopsis
8074,Highschool of the Dead,"Action, Ecchi, Horror, Supernatural",
11617,High School DxD,"Comedy, Demons, Ecchi, Harem, Romance, School",
11757,Sword Art Online,"Action, Adventure, Fantasy, Game, Romance",
15451,High School DxD New,"Action, Comedy, Demons, Ecchi, Harem, Romance, School",
11771,Kuroko no Basket,"Comedy, School, Shounen, Sports",
20,Naruto,"Action, Comedy, Martial Arts, Shounen, Super Power",
154,Shaman King,"Action, Adventure, Comedy, Drama, Shounen, Supernatural",
199,Sen to Chihiro no Kamikakushi,"Adventure, Drama, Supernatural",
225,Dragon Ball GT,"Action, Adventure, Comedy, Fantasy, Magic, Sci-Fi, Shounen, Super Power",
430,Fullmetal Alchemist: The Conqueror of Shamballa,"Comedy, Drama, Fantasy, Historical, Military, Shounen",
527,Pokemon,"Action, Adventure, Comedy, Fantasy, Kids",
552,Digimon Adventure,"Action, Adventure, Comedy, Fantasy, Kids",
813,Dragon Ball Z,"Action, Adventure, Comedy, Fantasy, Martial Arts, Shounen, Super Power",
1119,Pokemon: Celebi Toki wo Koeta Deai,"Adventure, Comedy, Drama, Fantasy, Kids",
1132,Digimon Frontier,"Action, Adventure, Comedy, Drama, Fantasy, Shounen",
1292,Afro Samurai,"Action, Adventure, Samurai",
1313,Digimon Adventure 02,"Action, Adventure, Comedy, Drama, Fantasy, Kids",
1535,Death Note,"Mystery, Police, Psychological, Supernatural, Thriller",
1564,Pokemon Advanced Generation,"Action, Adventure, Comedy, Fantasy, Kids",
1689,Byousoku 5 Centimeter,"Drama, Romance, Slice of Life",
1943,Paprika,"Fantasy, Horror, Mystery, Psychological, Sci-Fi, Thriller",
2404,Zombie-Loan,"Action, Horror, Shounen, Supernatural",
3588,Soul Eater,"Action, Adventure, Comedy, Fantasy, Shounen, Supernatural",
5114,Fullmetal Alchemist: Brotherhood,"Action, Adventure, Drama, Fantasy, Magic, Military, Shounen",
6702,Fairy Tail,"Action, Adventure, Comedy, Fantasy, Magic, Shounen",
6880,Deadman Wonderland,"Action, Horror, Sci-Fi",
9135,Fullmetal Alchemist: The Sacred Star of Milos,"Action, Adventure, Comedy, Drama, Fantasy, Magic, Military, Shounen",
9760,Hoshi wo Ou Kodomo,"Adventure, Fantasy, Romance",
9919,Ao no Exorcist,"Action, Demons, Fantasy, Shounen, Supernatural",
9989,Ano Hi Mita Hana no Namae wo Bokutachi wa Mada Shiranai.,"Drama, Slice of Life, Supernatural",
10408,Hotarubi no Mori e,"Drama, Romance, Shoujo, Supernatural",
11111,Another,"Horror, Mystery, School, Supernatural, Thriller",
11703,Code:Breaker,"Action, Comedy, School, Shounen, Super Power, Supernatural",
11737,Ao no Exorcist Movie,"Action, Demons, Fantasy, Shounen, Supernatural",
11759,Accel World,"Action, Game, Romance, School, Sci-Fi",
14075,Zetsuen no Tempest,"Action, Drama, Fantasy, Magic, Mystery, Psychological, Shounen",
14345,Btooom!,"Action, Psychological, Sci-Fi, Seinen",
14513,Magi: The Labyrinth of Magic,"Action, Adventure, Fantasy, Magic, Shounen",
16498,Shingeki no Kyojin,"Action, Drama, Fantasy, Shounen, Super Power",
16512,Devil Survivor 2 The Animation,"Action, Demons, Supernatural",
16782,Kotonoha no Niwa,"Drama, Psychological, Romance, Slice of Life",
16894,Kuroko no Basket 2nd Season,"Comedy, School, Shounen, Sports",
16918,Gin no Saji,"Comedy, School, Shounen, Slice of Life",
17265,Log Horizon,"Action, Adventure, Fantasy, Game, Magic, Shounen",
18115,Magi: The Kingdom of Magic,"Action, Adventure, Fantasy, Magic, Shounen",
19815,No Game No Life,"Adventure, Comedy, Ecchi, Fantasy, Game, Supernatural",
20021,Sword Art Online: Extra Edition,"Action, Adventure, Fantasy, Game, Romance",
20159,Pokemon: The Origin,"Action, Adventure, Comedy, Fantasy, Kids",
20507,Noragami,"Action, Adventure, Shounen, Supernatural",
20583,Haikyuu!!,"Comedy, Drama, School, Shounen, Sports",
21881,Sword Art Online II,"Action, Adventure, Fantasy, Game, Romance",
22199,Akame ga Kill!,"Action, Adventure, Fantasy",
22297,Fate/stay night: Unlimited Blade Works,"Action, Fantasy, Magic, Shounen, Supernatural",
22319,Tokyo Ghoul,"Action, Drama, Horror, Mystery, Psychological, Seinen, Supernatural",
22729,Aldnoah.Zero,"Action, Mecha, Sci-Fi",
23321,Log Horizon 2nd Season,"Action, Adventure, Fantasy, Game, Magic, Shounen",
23755,Nanatsu no Taizai,"Action, Adventure, Ecchi, Fantasy, Shounen, Supernatural",
24415,Kuroko no Basket 3rd Season,"Comedy, School, Shounen, Sports",
26243,Owari no Seraph,"Action, Drama, Shounen, Supernatural, Vampire",
27631,God Eater,"Action, Fantasy, Military, Sci-Fi",
27899,Tokyo Ghoul √A,"Action, Drama, Horror, Mystery, Psychological, Seinen, Supernatural",
28121,Dungeon ni Deai wo Motomeru no wa Machigatteiru Darou ka,"Action, Adventure, Comedy, Fantasy, Romance",
28171,Shokugeki no Souma,"Ecchi, School, Shounen",
28223,Death Parade,"Drama, Game, Mystery, Psychological, Thriller",
28497,Rokka no Yuusha,"Action, Adventure, Fantasy, Magic, Mystery",
28701,Fate/stay night: Unlimited Blade Works 2nd Season,"Action, Fantasy, Magic, Shounen, Supernatural",
28891,Haikyuu!! Second Season,"Comedy, Drama, School, Shounen, Sports",
31043,Boku dake ga Inai Machi,"Mystery, Psychological, Seinen, Supernatural",
31859,Hai to Gensou no Grimgar,"Action, Adventure, Drama, Fantasy",
6,Trigun,"Action, Comedy, Sci-Fi",
24,School Rumble,"Comedy, Romance, School, Shounen",
30,Neon Genesis Evangelion,"Action, Dementia, Drama, Mecha, Psychological, Sci-Fi",
45,Rurouni Kenshin: Meiji Kenkaku Romantan,"Action, Adventure, Comedy, Historical, Romance, Samurai",
47,Akira,"Action, Adventure, Horror, Military, Sci-Fi, Supernatural",
57,Beck,"Comedy, Drama, Music, Shounen, Slice of Life",
63,DearS,"Comedy, Ecchi, Harem, Romance, Sci-Fi",
67,Basilisk: Kouga Ninpou Chou,"Action, Adventure, Fantasy, Historical, Romance, Samurai, Supernatural",
68,Black Cat,"Adventure, Comedy, Sci-Fi, Shounen, Super Power",
136,Hunter x Hunter,"Action, Adventure, Shounen, Super Power",
138,Hunter x Hunter: Greed Island,"Action, Adventure, Shounen, Super Power",
139,Hunter x Hunter: Greed Island Final,"Action, Adventure, Shounen, Super Power",
150,Blood+,"Action, Drama, Horror, Military, Mystery, Supernatural, Vampire",
166,Samurai 7,"Historical, Mecha, Samurai, Sci-Fi",
174,Tenjou Tenge,"Action, Comedy, Ecchi, Martial Arts, School, Shounen, Super Power",
189,Love Hina,"Comedy, Ecchi, Harem, Romance, Shounen, Slice of Life",
190,Love Hina Again,"Comedy, Drama, Ecchi, Romance, Shounen",
195,Onegai☆Teacher,"Comedy, Drama, Romance, School, Sci-Fi",
205,Samurai Champloo,"Action, Adventure, Comedy, Historical, Samurai, Shounen",
223,Dragon Ball,"Adventure, Comedy, Fantasy, Martial Arts, Shounen, Super Power",
232,Cardcaptor Sakura,"Adventure, Comedy, Drama, Fantasy, Magic, Romance, School, Shoujo",
240,Genshiken,"Comedy, Parody, Slice of Life",
241,Girls Bravo: First Season,"Comedy, Ecchi, Fantasy, Harem, Romance, School",
245,Great Teacher Onizuka,"Comedy, Drama, School, Shounen, Slice of Life",
248,Ichigo 100%,"Comedy, Ecchi, Harem, Romance, Shounen",
249,InuYasha,"Action, Adventure, Comedy, Demons, Fantasy, Magic, Romance, Shounen, Supernatural",
263,Hajime no Ippo,"Comedy, Drama, Shounen, Sports",
268,Golden Boy,"Adventure, Comedy, Ecchi",
269,Bleach,"Action, Comedy, Shounen, Super Power, Supernatural",
371,Cardcaptor Sakura Movie 1,"Comedy, Drama, Fantasy, Magic, Shoujo",
390,Suzuka,"Drama, Romance, Sports",
392,Yuu☆Yuu☆Hakusho,"Action, Comedy, Demons, Fantasy, Martial Arts, School, Shounen",
442,Naruto Movie 1: Dai Katsugeki!! Yuki Hime Shinobu Houjou Dattebayo!,"Adventure, Comedy, Drama, Historical, Shounen, Supernatural",
481,Yu☆Gi☆Oh! Duel Monsters,"Adventure, Game, Shounen",
487,Girls Bravo: Second Season,"Comedy, Ecchi, Fantasy, Harem, Romance, School",
528,Pokemon: Mewtwo no Gyakushuu,"Action, Adventure, Comedy, Drama, Fantasy, Kids",
534,Slayers,"Adventure, Comedy, Demons, Fantasy, Magic",
550,Yu☆Gi☆Oh!,"Action, Comedy, Fantasy, Game, Shounen",
761,Naruto: Akaki Yotsuba no Clover wo Sagase,"Adventure, Comedy, Shounen",
846,School Rumble Ni Gakki,"Comedy, Romance, School, Shounen",
861,xxxHOLiC,"Comedy, Drama, Mystery, Psychological, Supernatural",
874,Digimon Tamers,"Adventure, Comedy, Drama, Fantasy, Shounen",
896,Dragon Ball Z Movie 03: Chikyuu Marugoto Choukessen,"Adventure, Comedy, Fantasy, Sci-Fi, Shounen",
898,Dragon Ball Z Movie 05: Tobikkiri no Saikyou tai Saikyou,"Adventure, Comedy, Fantasy, Sci-Fi, Shounen",
903,Dragon Ball Z Movie 10: Kiken na Futari! Super Senshi wa Nemurenai,"Action, Adventure, Comedy, Demons, Fantasy, Martial Arts, Shounen, Super Power",
905,Dragon Ball Z Movie 12: Fukkatsu no Fusion!! Gokuu to Vegeta,"Adventure, Comedy, Fantasy, Sci-Fi, Shounen",
918,Gintama,"Action, Comedy, Historical, Parody, Samurai, Sci-Fi, Shounen",
936,Naruto Movie 2: Dai Gekitotsu! Maboroshi no Chiteiiseki Dattebayo!,"Adventure, Comedy, Drama, Fantasy, Shounen, Supernatural",
1117,Pokemon: Maboroshi no Pokemon Lugia Bakutan,"Adventure, Comedy, Drama, Fantasy, Kids",
1195,Zero no Tsukaima,"Action, Adventure, Comedy, Ecchi, Fantasy, Harem, Magic, Romance, School",
1210,NHK ni Youkoso!,"Comedy, Drama, Psychological, Romance",
1559,Shijou Saikyou no Deshi Kenichi,"Action, Comedy, Martial Arts, School, Shounen",
1840,Zero no Tsukaima: Futatsuki no Kishi,"Action, Adventure, Comedy, Ecchi, Fantasy, Harem, Magic, Romance, School",
1887,Lucky☆Star,"Comedy, Parody, School, Slice of Life",
2034,Lovely★Complex,"Comedy, Romance, Shoujo",
2104,Seto no Hanayome,"Comedy, Parody, Romance, School",
2144,Naruto Movie 3: Dai Koufun! Mikazuki Jima no Animaru Panikku Dattebayo!,"Action, Adventure",
2236,Toki wo Kakeru Shoujo,"Adventure, Drama, Romance, Sci-Fi",
2248,Naruto: Dai Katsugeki!! Yuki Hime Shinobu Houjou Dattebayo! Special: Konoha Annual Sports Festival,"Action, Comedy, Fantasy, Martial Arts, Shounen, Sports",
2418,Stranger: Mukou Hadan,"Action, Adventure, Historical, Samurai",
2472,Naruto: Shippuuden Movie 1,"Action, Adventure, Comedy, Fantasy, Shounen",
2508,Genshiken 2,"Comedy, Parody, Slice of Life",
2605,Sayonara Zetsubou Sensei,"Comedy, Parody, School",
2961,Digimon Adventure Movie,"Action, Fantasy, Kids, Sci-Fi",
2993,Rosario to Vampire,"Comedy, Ecchi, Fantasy, Harem, Romance, School, Shounen, Vampire",
3228,Zoku Sayonara Zetsubou Sensei,"Comedy, Parody, School",
3455,To LOVE-Ru,"Comedy, Ecchi, Harem, Romance, School, Sci-Fi",
3503,Kanokon,"Comedy, Ecchi, Harem, Romance, School, Shounen, Slice of Life, Supernatural",
3655,Nabari no Ou,"Action, Comedy, Drama, Fantasy, Shounen, Supernatural",
3702,Detroit Metal City,"Comedy, Music",
3712,Zero no Tsukaima: Princesses no Rondo,"Action, Adventure, Comedy, Ecchi, Fantasy, Harem, Magic, Romance, School",
4063,Sekirei,"Action, Comedy, Ecchi, Harem, Super Power",
4214,Rosario to Vampire Capu2,"Comedy, Ecchi, Fantasy, Harem, Romance, School, Vampire",
4224,Toradora!,"Comedy, Romance, School, Slice of Life",
4437,Naruto: Shippuuden Movie 2 - Kizuna,"Action, Martial Arts, Shounen, Supernatural",
4472,Lucky☆Star: Original na Visual to Animation,"Comedy, Parody, School, Slice of Life",
4654,Toaru Majutsu no Index,"Action, Magic, Sci-Fi, Super Power",
4975,ChäoS;HEAd,"Harem, Mystery, Psychological, Sci-Fi, Supernatural",
4999,Asu no Yoichi!,"Comedy, Ecchi, Harem, Martial Arts, Romance, Shounen",
5040,One Outs,"Psychological, Seinen, Sports",
5258,Hajime no Ippo: New Challenger,"Comedy, Drama, Shounen, Sports",
5277,Sekirei: Pure Engagement,"Action, Comedy, Ecchi, Harem, Super Power",
5667,To LOVE-Ru OVA,"Comedy, Ecchi, Harem, School, Sci-Fi, Shounen",
5680,K-On!,"Comedy, Music, School, Slice of Life",
5681,Summer Wars,"Comedy, Sci-Fi",
5958,Sora no Otoshimono,"Comedy, Ecchi, Harem, Romance, Sci-Fi, Shounen, Supernatural",
6201,Princess Lover!,"Comedy, Ecchi, Harem, School",
6211,Tokyo Magnitude 8.0,Drama,
6324,Omamori Himari,"Action, Comedy, Demons, Ecchi, Harem, Romance, Supernatural",
6325,Naruto: Shippuuden Movie 3 - Hi no Ishi wo Tsugu Mono,"Action, Comedy, Martial Arts, Shounen, Super Power",
6347,Baka to Test to Shoukanjuu,"Comedy, Romance, School, Super Power",
6512,Nyan Koi!,"Comedy, Harem, Romance",
6547,Angel Beats!,"Action, Comedy, Drama, School, Supernatural",
6746,Durarara!!,"Action, Mystery, Supernatural",
6956,Working!!,"Comedy, Slice of Life",
7088,Ichiban Ushiro no Daimaou,"Action, Comedy, Ecchi, Fantasy, Harem, Magic, School, Shounen",
7148,Ladies versus Butlers!,"Comedy, Ecchi, Harem, Romance, School, Seinen",
7593,Kiss x Sis (TV),"Comedy, Ecchi, Harem, Romance, School, Seinen",
7647,Arakawa Under the Bridge,"Comedy, Romance, Seinen",
7674,Bakuman.,"Comedy, Romance, Shounen",
7769,Ookami-san to Shichinin no Nakama-tachi,"Comedy, Parody, Romance",
7791,K-On!!,"Comedy, Music, School, Slice of Life",
7817,B Gata H Kei,"Comedy, Ecchi, Romance, School, Seinen",
7858,Sora no Otoshimono: Project Pink,"Comedy, Ecchi, Harem, Sci-Fi, Shounen, Supernatural",
8277,Hyakka Ryouran: Samurai Girls,"Action, Comedy, Ecchi, Harem, Samurai, School",
8407,Sora no Otoshimono: Forte,"Comedy, Ecchi, Harem, Romance, Sci-Fi, Shounen, Supernatural",
8408,Durarara!! Specials,"Action, Comedy, Supernatural",
8424,MM!,"Comedy, Ecchi, Harem, School",
8516,Baka to Test to Shoukanjuu Ni!,"Comedy, Romance, School, Super Power",
8525,Kami nomi zo Shiru Sekai,"Comedy, Harem, Romance, Shounen, Supernatural",
8675,Seitokai Yakuindomo,"Comedy, School, Shounen, Slice of Life",
8769,Ore no Imouto ga Konnani Kawaii Wake ga Nai,"Comedy, Seinen, Slice of Life",
8841,Kore wa Zombie Desu ka?,"Action, Comedy, Ecchi, Harem, Magic, Supernatural",
9041,IS: Infinite Stratos,"Action, Comedy, Harem, Mecha, Sci-Fi",
9074,Arakawa Under the Bridge x Bridge,"Comedy, Romance, Seinen",
9181,Motto To LOVE-Ru,"Comedy, Ecchi, Harem, School, Sci-Fi, Shounen",
9253,Steins;Gate,"Sci-Fi, Thriller",
9367,Freezing,"Action, Drama, Ecchi, Harem, Martial Arts, Romance, Sci-Fi, Seinen",
9379,Denpa Onna to Seishun Otoko,"Comedy, Sci-Fi, Seinen, Slice of Life",
9471,Baka to Test to Shoukanjuu: Matsuri,"Comedy, School, Super Power",
9936,Maken-Ki!,"Action, Ecchi, Harem, Martial Arts, School, Super Power",
9969,Gintama&#039;,"Action, Comedy, Historical, Parody, Samurai, Sci-Fi, Shounen",
10020,Ore no Imouto ga Konnani Kawaii Wake ga Nai Specials,"Comedy, Seinen, Slice of Life",
10030,Bakuman. 2nd Season,"Comedy, Drama, Romance, Shounen",
10080,Kami nomi zo Shiru Sekai II,"Comedy, Harem, Romance, Shounen, Supernatural",
10110,Mayo Chiki!,"Comedy, Ecchi, Harem, Romance, School",
10162,Usagi Drop,"Josei, Slice of Life",
10163,C: The Money of Soul and Possibility Control,"Action, Mystery, Super Power, Thriller",
10209,Kore wa Zombie Desu ka? OVA,"Action, Comedy, Ecchi, Harem, Magic, Supernatural",
10396,Ben-To,"Action, Comedy, Martial Arts",
10397,Mashiro-iro Symphony: The Color of Lovers,"Drama, Harem, Romance, School",
10521,Working&#039;!!,"Comedy, Slice of Life",
10589,Naruto: Shippuuden Movie 5 - Blood Prison,"Action, Adventure, Martial Arts, Mystery, Shounen, Super Power",
10719,Boku wa Tomodachi ga Sukunai,"Comedy, Ecchi, Harem, Romance, School, Seinen, Slice of Life",
10790,Kore wa Zombie Desu ka? of the Dead,"Action, Comedy, Ecchi, Harem, Magic, Supernatural",
10805,Kami nomi zo Shiru Sekai: 4-nin to Idol,"Comedy, Music, Shounen, Supernatural",
10863,Steins;Gate: Oukoubakko no Poriomania,"Sci-Fi, Thriller",
10897,Boku wa Tomodachi ga Sukunai Episode 0,"Comedy, Romance, School, Seinen, Slice of Life",
11013,Inu x Boku SS,"Comedy, Romance, Shounen, Supernatural",
11179,Papa no Iukoto wo Kikinasai!,"Comedy, Romance, Slice of Life",
11319,Zero no Tsukaima F,"Adventure, Ecchi, Fantasy, Magic, Romance",
11433,Ano Natsu de Matteru,"Comedy, Drama, Romance, Sci-Fi, Slice of Life",
11499,Sankarea,"Comedy, Ecchi, Horror, Romance, Shounen, Supernatural",
11577,Steins;Gate Movie: Fuka Ryouiki no Déjà vu,"Sci-Fi, Thriller",
11633,Blood Lad,"Action, Comedy, Demons, Seinen, Supernatural, Vampire",
11761,Medaka Box,"Action, Comedy, Ecchi, Martial Arts, School, Shounen, Super Power",
11785,Haiyore! Nyaruko-san,"Comedy, Parody, Sci-Fi",
11843,Danshi Koukousei no Nichijou,"Comedy, School, Shounen, Slice of Life",
12189,Hyouka,"Mystery, School, Slice of Life",
12445,Tasogare Otome x Amnesia,"Horror, Mystery, Romance, School, Shounen, Supernatural",
12467,Nazo no Kanojo X,"Ecchi, Romance, School, Seinen",
12549,"Dakara Boku wa, H ga Dekinai.","Comedy, Ecchi, Romance, Supernatural",
13161,Hagure Yuusha no Aesthetica,"Action, Ecchi, Fantasy, Super Power",
13357,High School DxD Specials,"Comedy, Demons, Ecchi, Harem, Romance, School",
13367,"Kono Naka ni Hitori, Imouto ga Iru!","Comedy, Ecchi, Harem, Mystery, Romance, School, Seinen",
13535,Binbougami ga!,"Comedy, Parody, Shounen, Supernatural",
13659,Ore no Imouto ga Konnani Kawaii Wake ga Nai.,"Comedy, Seinen, Slice of Life",
13663,To LOVE-Ru Darkness,"Comedy, Ecchi, Harem, Romance, School, Sci-Fi, Shounen",
13759,Sakurasou no Pet na Kanojo,"Comedy, Drama, Romance, School, Slice of Life",
14027,Boku wa Tomodachi ga Sukunai: Relay Shousetsu wa Ketsumatsu ga Hanpanai,"Comedy, Romance, School, Seinen",
14199,Oniichan dakedo Ai Sae Areba Kankeinai yo ne!,"Comedy, Ecchi, Harem, Romance, School",
14227,Tonari no Kaibutsu-kun,"Comedy, Romance, School, Shoujo, Slice of Life",
14349,Little Witch Academia,"Adventure, Comedy, Fantasy, Magic, School",
14467,K,"Action, Super Power, Supernatural",
14719,JoJo no Kimyou na Bouken (TV),"Action, Adventure, Shounen, Supernatural, Vampire",
14741,Chuunibyou demo Koi ga Shitai!,"Comedy, Drama, Romance, School, Slice of Life",
14749,Ore no Kanojo to Osananajimi ga Shuraba Sugiru,"Comedy, Harem, Romance, School",
14813,Yahari Ore no Seishun Love Comedy wa Machigatteiru.,"Comedy, Drama, Romance, School",
14967,Boku wa Tomodachi ga Sukunai Next,"Comedy, Harem, Romance, School, Seinen, Slice of Life",
15225,Hentai Ouji to Warawanai Neko.,"Comedy, Harem, Romance, School, Seinen, Supernatural",
15315,Mondaiji-tachi ga Isekai kara Kuru Sou Desu yo?,"Comedy, Fantasy, Supernatural",
15379,Kotoura-san,"Comedy, Drama, Romance, School",
15583,Date A Live,"Comedy, Harem, Mecha, Romance, School, Sci-Fi",
15809,Hataraku Maou-sama!,"Comedy, Demons, Fantasy, Romance, Shounen",
16011,Tokyo Ravens,"Comedy, School, Shounen, Super Power, Supernatural",
16067,Nagi no Asukara,"Drama, Fantasy, Romance",
16417,Tamako Market,"Comedy, Slice of Life",
16592,Danganronpa: Kibou no Gakuen to Zetsubou no Koukousei The Animation,"Action, Horror, Mystery, Psychological",
16706,Kami nomi zo Shiru Sekai: Megami-hen,"Comedy, Harem, Romance, Shounen, Supernatural",
16742,Watashi ga Motenai no wa Dou Kangaetemo Omaera ga Warui!,"Comedy, School, Shounen, Slice of Life",
17247,Machine-Doll wa Kizutsukanai,"Action, Ecchi, Fantasy, School, Seinen",
17641,Date A Live: Date to Date,"Comedy, Harem, Romance, School, Sci-Fi",
17729,Grisaia no Kajitsu,"Drama, Harem, Psychological, Romance, School",
17895,Golden Time,"Comedy, Romance, Seinen",
18153,Kyoukai no Kanata,"Fantasy, Slice of Life, Supernatural",
18229,Gatchaman Crowds,"Adventure, Sci-Fi",
18247,IS: Infinite Stratos 2,"Action, Comedy, Harem, Mecha, Sci-Fi",
18277,Strike the Blood,"Action, Ecchi, Fantasy, Harem, School, Shounen, Supernatural, Vampire",
18671,Chuunibyou demo Koi ga Shitai! Ren,"Comedy, Drama, Romance, School, Slice of Life",
18677,Yuusha ni Narenakatta Ore wa Shibushibu Shuushoku wo Ketsui Shimashita.,"Comedy, Ecchi, Fantasy, Romance",
18753,Yahari Ore no Seishun Love Comedy wa Machigatteiru. OVA,"Comedy, Romance, School",
18857,Ore no Imouto ga Konnani Kawaii Wake ga Nai. Specials,"Comedy, Romance, Seinen, Slice of Life",
18897,Nisekoi,"Comedy, Harem, Romance, School, Shounen",
19163,Date A Live II,"Comedy, Harem, Mecha, Romance, School, Sci-Fi",
19221,"Ore no Nounai Sentakushi ga, Gakuen Love Comedy wo Zenryoku de Jama Shiteiru","Comedy, Romance, School",
19363,Gin no Saji 2nd Season,"Comedy, School, Shounen, Slice of Life",
19369,Outbreak Company,"Comedy, Fantasy, Harem, Parody",
19769,Mahou Sensou,"Action, Fantasy, Magic",
20031,D-Frag!,"Comedy, Game, School, Seinen",
20047,Sakura Trick,"Comedy, Romance, School, Seinen, Shoujo Ai, Slice of Life",
20057,Space☆Dandy,"Comedy, Sci-Fi, Space",
20541,Mikakunin de Shinkoukei,"Comedy, Romance, School, Slice of Life",
20689,Hamatora The Animation,"Comedy, Mystery, Super Power",
20785,Mahouka Koukou no Rettousei,"Magic, Romance, School, Sci-Fi, Supernatural",
20787,Black Bullet,"Action, Mystery, Sci-Fi, Seinen",
20847,Seitokai Yakuindomo*,"Comedy, School, Shounen, Slice of Life",
20853,Hitsugi no Chaika,"Action, Adventure, Comedy, Fantasy, Romance, Shounen",
20899,JoJo no Kimyou na Bouken: Stardust Crusaders,"Action, Adventure, Drama, Shounen, Supernatural",
21085,Witch Craft Works,"Action, Fantasy, Magic, Seinen, Supernatural",
21327,Isshuukan Friends.,"Comedy, School, Shounen, Slice of Life",
21405,Bokura wa Minna Kawaisou,"Comedy, Romance, School, Slice of Life",
21431,Gokukoku no Brynhildr,"Drama, Mystery, Sci-Fi, Seinen",
21561,Ryuugajou Nanana no Maizoukin (TV),"Comedy, Supernatural",
21603,Mekakucity Actors,"Comedy, Romance, Sci-Fi, Super Power, Supernatural",
21863,Mangaka-san to Assistant-san to The Animation,"Comedy, Ecchi, Harem, Seinen, Slice of Life",
22147,Amagi Brilliant Park,"Comedy, Magic",
22535,Kiseijuu: Sei no Kakuritsu,"Action, Drama, Horror, Psychological, Sci-Fi, Seinen",
22789,Barakamon,"Comedy, Slice of Life",
23199,Durarara!!x2 Shou,"Action, Mystery, Supernatural",
23233,Shinmai Maou no Testament,"Action, Demons, Ecchi, Fantasy, Harem, Romance",
23273,Shigatsu wa Kimi no Uso,"Drama, Music, Romance, School, Shounen",
23277,Saenai Heroine no Sodatekata,"Comedy, Ecchi, Harem, Romance, School",
23289,Gekkan Shoujo Nozaki-kun,"Comedy, Romance, School",
23847,Yahari Ore no Seishun Love Comedy wa Machigatteiru. Zoku,"Comedy, Drama, Romance, School",
25157,Trinity Seven,"Action, Comedy, Ecchi, Fantasy, Harem, Magic, Romance, School, Shounen, Supernatural",
25159,Inou-Battle wa Nichijou-kei no Naka de,"Comedy, Romance, School, Slice of Life, Supernatural",
25183,Gangsta.,"Action, Drama, Seinen",
25397,Absolute Duo,"Action, Ecchi, Harem, Romance, School, Supernatural",
26055,JoJo no Kimyou na Bouken: Stardust Crusaders 2nd Season,"Action, Adventure, Drama, Shounen, Supernatural",
26349,Danna ga Nani wo Itteiru ka Wakaranai Ken,"Comedy, Seinen, Slice of Life",
28297,Ore Monogatari!!,"Comedy, Romance, Shoujo",
28677,Yamada-kun to 7-nin no Majo (TV),"Comedy, Harem, Mystery, Romance, School, Shounen, Supernatural",
28907,"Gate: Jieitai Kanochi nite, Kaku Tatakaeri","Action, Adventure, Fantasy, Military",
29786,Shimoneta to Iu Gainen ga Sonzai Shinai Taikutsu na Sekai,"Comedy, Ecchi, School",
29803,Overlord,"Action, Adventure, Fantasy, Game, Magic, Supernatural",
30831,Kono Subarashii Sekai ni Shukufuku wo!,"Adventure, Comedy, Fantasy, Supernatural",
31240,Re:Zero kara Hajimeru Isekai Seikatsu,"Drama, Fantasy, Psychological, Thriller",
32182,Mob Psycho 100,"Action, Comedy, Slice of Life, Supernatural",
31,Neon Genesis Evangelion: Death &amp; Rebirth,"Drama, Mecha, Psychological, Sci-Fi",
32,Neon Genesis Evangelion: The End of Evangelion,"Dementia, Drama, Mecha, Psychological, Sci-Fi",
59,Chobits,"Comedy, Drama, Ecchi, Romance, Sci-Fi, Seinen",
64,Rozen Maiden,"Action, Comedy, Drama, Magic, Seinen",
65,Rozen Maiden: Träumend,"Action, Comedy, Drama, Magic, Seinen",
121,Fullmetal Alchemist,"Action, Adventure, Comedy, Drama, Fantasy, Magic, Military, Shounen",
210,Ranma ½,"Comedy, Fantasy, Martial Arts, Slice of Life",
270,Hellsing,"Action, Horror, Seinen, Supernatural, Vampire",
339,Serial Experiments Lain,"Dementia, Drama, Mystery, Psychological, Sci-Fi, Supernatural",
357,Bokusatsu Tenshi Dokuro-chan,"Comedy, Ecchi, Magic",
530,Bishoujo Senshi Sailor Moon,"Demons, Magic, Romance, Shoujo",
532,Bishoujo Senshi Sailor Moon S,"Drama, Magic, Romance, Shoujo",
740,Bishoujo Senshi Sailor Moon R,"Demons, Magic, Romance, Shoujo",
849,Suzumiya Haruhi no Yuuutsu,"Comedy, Mystery, Parody, School, Sci-Fi, Slice of Life",
934,Higurashi no Naku Koro ni,"Horror, Mystery, Psychological, Supernatural, Thriller",
1575,Code Geass: Hangyaku no Lelouch,"Action, Mecha, Military, School, Sci-Fi, Super Power",
1889,Higurashi no Naku Koro ni Kai,"Mystery, Psychological, Supernatural, Thriller",
2026,Hayate no Gotoku!,"Action, Comedy, Harem, Parody, Romance",
2131,Bokusatsu Tenshi Dokuro-chan 2,"Comedy, Ecchi, Magic",
2167,Clannad,"Comedy, Drama, Romance, School, Slice of Life, Supernatural",
2759,Evangelion: 1.0 You Are (Not) Alone,"Action, Mecha, Sci-Fi",
2904,Code Geass: Hangyaku no Lelouch R2,"Action, Drama, Mecha, Military, Sci-Fi, Super Power",
2994,Death Note Rewrite,"Mystery, Police, Psychological, Supernatural, Thriller",
3652,Higurashi no Naku Koro ni Rei,"Comedy, Mystery, Psychological, Supernatural, Thriller",
3784,Evangelion: 2.0 You Can (Not) Advance,"Action, Mecha, Sci-Fi",
3785,Evangelion: 3.0 You Can (Not) Redo,"Action, Mecha, Sci-Fi",
4059,"Clannad: Mou Hitotsu no Sekai, Tomoyo-hen","Drama, Romance, School, Slice of Life",
4181,Clannad: After Story,"Drama, Fantasy, Romance, Slice of Life, Supernatural",
4192,Hayate no Gotoku!!,"Action, Comedy, Harem, Parody, Romance",
4382,Suzumiya Haruhi no Yuuutsu (2009),"Comedy, Mystery, Parody, Romance, School, Sci-Fi, Slice of Life",
4896,Umineko no Naku Koro ni,"Horror, Mystery, Psychological, Supernatural",
6166,Asobi ni Iku yo!,"Comedy, Ecchi, Harem, Romance, Sci-Fi",
6205,Kämpfer,"Action, Comedy, Ecchi, Romance, School, Shoujo Ai, Super Power",
6213,Toaru Kagaku no Railgun,"Action, Sci-Fi, Super Power",
6351,"Clannad: After Story - Mou Hitotsu no Sekai, Kyou-hen","Drama, Romance, School",
6811,InuYasha: Kanketsu-hen,"Action, Adventure, Comedy, Demons, Fantasy, Magic, Romance, Shounen, Supernatural",
8460,Mirai Nikki,"Action, Shounen, Supernatural",
8861,"Yosuga no Sora: In Solitude, Where We Are Least Alone.","Drama, Ecchi, Harem, Romance",
8937,Toaru Majutsu no Index II,"Action, Magic, Sci-Fi, Super Power",
9756,Mahou Shoujo Madoka★Magica,"Drama, Magic, Psychological, Thriller",
9790,Sora no Otoshimono: Tokeijikake no Angeloid,"Comedy, Drama, Ecchi, Harem, Romance, Sci-Fi, Shounen, Supernatural",
10588,Persona 4 the Animation,"Adventure, Mystery, School, Sci-Fi, Super Power, Supernatural",
10620,Mirai Nikki (TV),"Action, Mystery, Psychological, Shounen, Supernatural, Thriller",
10794,IS: Infinite Stratos Encore - Koi ni Kogareru Rokujuusou,"Action, Comedy, Harem, Mecha, Sci-Fi",
11061,Hunter x Hunter (2011),"Action, Adventure, Shounen, Super Power",
11933,Oda Nobuna no Yabou,"Comedy, Historical, Romance",
11977,Mahou Shoujo Madoka★Magica Movie 1: Hajimari no Monogatari,"Drama, Magic, Psychological, Thriller",
11979,Mahou Shoujo Madoka★Magica Movie 2: Eien no Monogatari,"Drama, Magic, Psychological, Thriller",
11981,Mahou Shoujo Madoka★Magica Movie 3: Hangyaku no Monogatari,"Drama, Magic, Psychological, Thriller",
12967,Arcana Famiglia,"Action, Harem, Romance, Shoujo",
14833,Maoyuu Maou Yuusha,"Adventure, Demons, Fantasy, Historical, Romance",
15117,Kami nomi zo Shiru Sekai: Tenri-hen,"Comedy, Harem, Romance, Shounen, Supernatural",
16049,Toaru Kagaku no Railgun S,"Action, Sci-Fi, Super Power",
16762,Mirai Nikki Redial,"Action, Psychological, Shounen, Supernatural",
16934,Chuunibyou demo Koi ga Shitai!: Kirameki no... Slapstick Noel,"Comedy, School",
17513,Diabolik Lovers,"Harem, School, Shoujo, Vampire",
18679,Kill la Kill,"Action, Comedy, School, Super Power",
22663,Seiken Tsukai no World Break,"Action, Fantasy, Harem, Romance, School, Supernatural",
24703,High School DxD BorN,"Action, Comedy, Demons, Ecchi, Harem, Romance, School",
24765,Gakkougurashi!,"Horror, Mystery, Psychological, School, Slice of Life",
27775,Plastic Memories,"Drama, Romance, Sci-Fi",
27787,Nisekoi:,"Comedy, Harem, Romance, School, Shounen",
28825,Himouto! Umaru-chan,"Comedy, School, Seinen, Slice of Life",
28999,Charlotte,"Drama, School, Super Power",
30276,One Punch Man,"Action, Comedy, Parody, Sci-Fi, Seinen, Super Power, Supernatural",
30296,Rakudai Kishi no Cavalry,"Action, Ecchi, Fantasy, Romance, School",
30307,Monster Musume no Iru Nichijou,"Comedy, Ecchi, Fantasy, Harem, Romance, Seinen",
30503,Noragami Aragoto,"Action, Adventure, Shounen, Supernatural",
30544,Gakusen Toshi Asterisk,"Action, Comedy, Ecchi, Fantasy, Harem, Romance, School, Sci-Fi, Supernatural",
31442,Musaigen no Phantom World,"Action, Comedy, Fantasy, Slice of Life, Supernatural",
31637,"Gate: Jieitai Kanochi nite, Kaku Tatakaeri 2nd Season","Action, Adventure, Fantasy, Military",
355,Shakugan no Shana,"Action, Drama, Fantasy, Romance, School, Supernatural",
8630,Hidan no Aria,"Action, Comedy, Romance, School",
10793,Guilty Crown,"Action, Drama, Sci-Fi, Super Power",
11241,Brave 10,"Action, Adventure, Historical, Samurai, Seinen, Super Power",
43,Ghost in the Shell,"Action, Mecha, Police, Psychological, Sci-Fi, Seinen",
44,Rurouni Kenshin: Meiji Kenkaku Romantan - Tsuioku-hen,"Action, Drama, Historical, Martial Arts, Romance, Samurai",
61,D.N.Angel,"Action, Comedy, Fantasy, Magic, Romance, School, Shoujo",
120,Fruits Basket,"Comedy, Drama, Fantasy, Romance, Shoujo, Slice of Life",
149,Loveless,"Action, Drama, Fantasy, Mystery, Romance, Shoujo, Shounen Ai, Supernatural",
164,Mononoke Hime,"Action, Adventure, Fantasy",
177,Tsubasa Chronicle,"Action, Adventure, Fantasy, Magic, Romance, Shounen, Supernatural",
202,Wolf&#039;s Rain,"Action, Adventure, Drama, Fantasy, Mystery, Sci-Fi",
243,Gravitation,"Comedy, Music, Romance, Shoujo, Shounen Ai",
416,Kurenai no Buta,"Action, Adventure, Comedy, Drama, Historical, Military, Romance",
431,Howl no Ugoku Shiro,"Adventure, Drama, Fantasy, Romance",
450,InuYasha: Kagami no Naka no Mugenjo,"Adventure, Demons, Drama, Fantasy, Historical, Romance, Shounen, Supernatural",
452,InuYasha: Toki wo Koeru Omoi,"Adventure, Comedy, Demons, Drama, Fantasy, Historical, Romance, Shounen, Super Power",
512,Majo no Takkyuubin,"Adventure, Comedy, Drama, Fantasy, Magic, Romance",
513,Tenkuu no Shiro Laputa,"Adventure, Fantasy, Romance, Sci-Fi",
523,Tonari no Totoro,"Adventure, Comedy, Supernatural",
543,Vampire Hunter D (2000),"Action, Drama, Fantasy, Horror, Romance, Sci-Fi, Vampire",
572,Kaze no Tani no Nausicaä,"Adventure, Fantasy",
578,Hotaru no Haka,"Drama, Historical",
597,Neko no Ongaeshi,"Adventure, Drama, Fantasy",
759,Tokyo Godfathers,"Comedy, Drama",
790,Ergo Proxy,"Mystery, Psychological, Sci-Fi",
853,Ouran Koukou Host Club,"Comedy, Harem, Romance, School, Shoujo",
1118,Pokemon: Kesshoutou no Teiou Entei,"Action, Adventure, Comedy, Drama, Fantasy, Kids",
2685,Tsubasa: Tokyo Revelations,"Action, Adventure, Drama, Fantasy, Romance, Shounen",
2890,Gake no Ue no Ponyo,"Adventure, Fantasy",
4898,Kuroshitsuji,"Action, Comedy, Demons, Fantasy, Historical, Shounen, Supernatural",
5030,Maria†Holic,"Comedy, Parody, School, Shoujo Ai",
5060,Hetalia Axis Powers,"Comedy, Historical, Parody",
6707,Kuroshitsuji II,"Action, Comedy, Demons, Fantasy, Shounen, Supernatural",
6747,Dance in the Vampire Bund,"Action, Supernatural, Vampire",
12355,Ookami Kodomo no Ame to Yuki,"Fantasy, Slice of Life",
12365,Bakuman. 3rd Season,"Comedy, Drama, Romance, Shounen",
13599,Robotics;Notes,"Drama, Mystery, School, Sci-Fi",
13601,Psycho-Pass,"Action, Police, Psychological, Sci-Fi",
18507,Free!,"Comedy, School, Slice of Life, Sports",
22145,Kuroshitsuji: Book of Circus,"Comedy, Demons, Fantasy, Historical, Shounen, Supernatural",
22265,Free!: Eternal Summer,"Comedy, School, Slice of Life, Sports",
23281,Psycho-Pass 2,"Action, Police, Psychological, Sci-Fi",
877,Nana,"Comedy, Drama, Music, Romance, Shoujo, Slice of Life",
1562,Yamato Nadeshiko Shichihenge♥,"Comedy, Shoujo",
2025,Darker than Black: Kuro no Keiyakusha,"Action, Mystery, Sci-Fi, Super Power",
4182,Darker than Black: Kuro no Keiyakusha Special,"Comedy, Parody, Sci-Fi",
6033,Dragon Ball Kai,"Action, Adventure, Comedy, Fantasy, Martial Arts, Shounen, Super Power",
6573,Darker than Black: Ryuusei no Gemini,"Action, Mystery, Sci-Fi, Super Power",
7338,Darker than Black: Kuro no Keiyakusha Gaiden,"Action, Mystery, Sci-Fi, Super Power",
8888,Code Geass: Boukoku no Akito 1 - Yokuryuu wa Maiorita,"Action, Mecha, Military, Sci-Fi",
133,Green Green,"Comedy, Ecchi, Romance, School, Slice of Life",
433,"Kumo no Mukou, Yakusoku no Basho","Drama, Military, Romance, Sci-Fi",
587,Hanbun no Tsuki ga Noboru Sora,"Comedy, Drama, Romance",
969,Tsubasa Chronicle 2nd Season,"Action, Adventure, Drama, Fantasy, Mystery, Romance, Shounen, Supernatural",
2129,True Tears,"Drama, Romance, School",
2926,Myself; Yourself,"Drama, Romance, School",
3229,Kimi ga Aruji de Shitsuji ga Ore de,"Comedy, Ecchi, Harem, Parody, Romance",
3299,H2O: Footprints in the Sand,"Harem, Romance, School",
4186,Chrome Shelled Regios,"Action, Adventure, Fantasy, School, Sci-Fi",
5081,Bakemonogatari,"Mystery, Romance, Supernatural, Vampire",
5764,Zero no Tsukaima: Princesses no Rondo - Yuuwaku no Sunahama,"Comedy, Ecchi, Fantasy, Harem, Magic",
6772,Break Blade 1: Kakusei no Toki,"Action, Fantasy, Mecha, Military, Shounen",
7590,Mayoi Neko Overrun!,"Comedy, Harem, Romance",
8536,Fortune Arterial: Akai Yakusoku,"Comedy, Romance, School, Supernatural, Vampire",
8676,Amagami SS,"Comedy, Romance, School, Slice of Life",
10568,Kamisama no Memochou,Mystery,
11597,Nisemonogatari,"Comedy, Mystery, Supernatural",
11887,Kokoro Connect,"Comedy, Drama, Romance, School, Slice of Life, Supernatural",
12175,Koi to Senkyo to Chocolate,"Drama, Romance, School",
15689,Nekomonogatari: Kuro,"Comedy, Romance, Supernatural",
17074,Monogatari Series: Second Season,"Comedy, Mystery, Romance, Supernatural, Vampire",
19775,Sidonia no Kishi,"Action, Mecha, Sci-Fi, Seinen, Space",
1222,Bokura ga Ita,"Drama, Romance, Shoujo, Slice of Life",
11285,Black★Rock Shooter (TV),"Action, Drama, School, Slice of Life",
19,Monster,"Drama, Horror, Mystery, Police, Psychological, Seinen, Thriller",
66,Azumanga Daioh,"Comedy, School, Slice of Life",
226,Elfen Lied,"Action, Drama, Horror, Psychological, Romance, Seinen, Supernatural",
227,FLCL,"Action, Comedy, Dementia, Mecha, Parody, Sci-Fi",
228,Jigoku Shoujo,"Horror, Mystery, Psychological, Supernatural",
256,Hoshi no Koe,"Drama, Mecha, Romance, Sci-Fi, Space",
323,Mousou Dairinin,"Drama, Mystery, Police, Psychological, Supernatural, Thriller",
437,Perfect Blue,"Dementia, Drama, Horror, Psychological",
468,Ghost in the Shell 2: Innocence,"Mecha, Military, Police, Psychological, Sci-Fi",
777,Hellsing Ultimate,"Action, Horror, Military, Seinen, Supernatural, Vampire",
889,Black Lagoon,"Action, Seinen",
1004,Kanojo to Kanojo no Neko,"Drama, Psychological, Romance, Slice of Life",
1530,Kanon (2006),"Drama, Romance, Slice of Life, Supernatural",
2001,Tengen Toppa Gurren Lagann,"Action, Adventure, Comedy, Mecha, Sci-Fi",
2251,Baccano!,"Action, Comedy, Historical, Mystery, Seinen, Supernatural",
2476,School Days,"Drama, Harem, Romance, School",
2593,Kara no Kyoukai 1: Fukan Fuukei,"Action, Mystery, Supernatural, Thriller",
2924,ef: A Tale of Memories.,"Drama, Mystery, Romance",
3002,Gyakkyou Burai Kaiji: Ultimate Survivor,"Game, Psychological, Seinen, Thriller",
3167,Eve no Jikan,"Sci-Fi, Slice of Life",
3782,Kara no Kyoukai 2: Satsujin Kousatsu (Zen),"Action, Mystery, Romance, Supernatural, Thriller",
3783,Kara no Kyoukai 3: Tsuukaku Zanryuu,"Action, Drama, Mystery, Supernatural, Thriller",
4081,Natsume Yuujinchou,"Drama, Fantasy, Shoujo, Slice of Life, Supernatural",
4106,Trigun: Badlands Rumble,"Action, Comedy, Sci-Fi",
4107,Tengen Toppa Gurren Lagann Movie: Gurren-hen,"Action, Comedy, Mecha",
4280,Kara no Kyoukai 4: Garan no Dou,"Action, Mystery, Supernatural, Thriller",
4282,Kara no Kyoukai 5: Mujun Rasen,"Action, Drama, Mystery, Romance, Supernatural, Thriller",
4565,Tengen Toppa Gurren Lagann Movie: Lagann-hen,"Action, Mecha, Sci-Fi, Space, Super Power",
5177,Denpa-teki na Kanojo,"Mystery, School, Thriller",
5204,Kara no Kyoukai 6: Boukyaku Rokuon,"Action, Magic, Mystery, Romance, Supernatural, Thriller",
5205,Kara no Kyoukai 7: Satsujin Kousatsu (Kou),"Action, Mystery, Romance, Supernatural, Thriller",
5682,Phantom: Requiem for the Phantom,"Action, Drama, Seinen, Thriller",
5909,Seitokai no Ichizon,"Comedy, Harem, Parody, School",
6114,Rainbow: Nisha Rokubou no Shichinin,"Drama, Historical, Seinen, Thriller",
6594,Katanagatari,"Action, Adventure, Historical, Martial Arts, Romance",
6675,Redline,"Action, Cars, Sci-Fi, Sports",
7059,Black★Rock Shooter (OVA),"Action, Drama, School, Slice of Life",
7311,Suzumiya Haruhi no Shoushitsu,"Comedy, Mystery, Romance, School, Sci-Fi, Supernatural",
8795,Panty &amp; Stocking with Garterbelt,"Action, Comedy, Ecchi, Parody, Supernatural",
10087,Fate/Zero,"Action, Fantasy, Supernatural",
10165,Nichijou,"Comedy, School, Slice of Life",
10495,Yuru Yuri,"Comedy, School, Shoujo Ai, Slice of Life",
10711,Plastic Neesan,"Comedy, School",
11235,Amagami SS+ Plus,"Comedy, Romance, School, Slice of Life",
11741,Fate/Zero 2nd Season,"Action, Fantasy, Supernatural, Thriller",
12403,Yuru Yuri♪♪,"Comedy, School, Shoujo Ai, Slice of Life",
12477,Sakasama no Patema,"Sci-Fi, Seinen",
12531,Sakamichi no Apollon,"Drama, Josei, Music, Romance, School",
14131,Girls und Panzer,"Military, School",
14353,Death Billiards,"Drama, Game, Mystery, Psychological, Thriller",
15037,Corpse Party: Tortured Souls - Bougyakusareta Tamashii no Jukyou,"Horror, Mystery",
15051,Love Live! School Idol Project,"Music, School, Slice of Life",
15699,Haiyore! Nyaruko-san W,"Comedy, Parody, Sci-Fi",
17549,Non Non Biyori,"Comedy, School, Seinen, Slice of Life",
19429,Akuma no Riddle,"Action, School, Shoujo Ai",
21843,Shingeki no Bahamut: Genesis,"Action, Adventure, Demons, Fantasy, Magic, Supernatural",
21855,Hanamonogatari,"Comedy, Mystery, Supernatural",
21995,Ao Haru Ride,"Comedy, Drama, Romance, School, Shoujo, Slice of Life",
23283,Zankyou no Terror,"Psychological, Thriller",
23673,Ookami Shoujo to Kuro Ouji,"Comedy, Romance, School, Shoujo",
24231,Hitsugi no Chaika: Avenging Battle,"Action, Adventure, Comedy, Fantasy, Romance, Shounen",
24439,Kekkai Sensen,"Action, Fantasy, Shounen, Super Power, Supernatural, Vampire",
24833,Ansatsu Kyoushitsu (TV),"Action, Comedy, School, Shounen",
27655,Aldnoah.Zero 2nd Season,"Action, Mecha, Sci-Fi, Space",
28249,Arslan Senki (TV),"Action, Adventure, Drama, Fantasy, Historical, Shounen",
28623,Koutetsujou no Kabaneri,"Action, Drama, Fantasy, Horror",
28927,Owari no Seraph: Nagoya Kessen-hen,"Action, Drama, Shounen, Supernatural, Vampire",
30015,ReLIFE,"Romance, School, Slice of Life",
30240,Prison School,"Comedy, Ecchi, Romance, School, Seinen",
31798,Kiznaiver,"Drama, Sci-Fi",
31964,Boku no Hero Academia,"Action, Comedy, School, Shounen, Super Power",
32282,Shokugeki no Souma: Ni no Sara,"Ecchi, School, Shounen",
317,Final Fantasy VII: Advent Children,"Action, Fantasy, Super Power",
2952,Final Fantasy VII: Advent Children Complete,"Action, Fantasy, Super Power",
3457,Vampire Knight,"Drama, Mystery, Romance, Shoujo, Supernatural, Vampire",
1,Cowboy Bebop,"Action, Adventure, Comedy, Drama, Sci-Fi, Space",
5,Cowboy Bebop: Tengoku no Tobira,"Action, Drama, Mystery, Sci-Fi, Space",
1519,Black Lagoon: The Second Barrage,"Action, Seinen",
193,Maburaho,"Comedy, Drama, Ecchi, Harem, Magic, Romance, School",
6500,Seikon no Qwaser,"Action, Ecchi, Seinen, Super Power, Supernatural",
6682,11eyes,"Action, Ecchi, Super Power, Supernatural",
97,Last Exile,"Action, Adventure, Sci-Fi",
356,Fate/stay night,"Action, Fantasy, Magic, Romance, Supernatural",
457,Mushishi,"Adventure, Fantasy, Historical, Mystery, Seinen, Slice of Life, Supernatural",
1361,Final Fantasy: The Spirits Within,Sci-Fi,
7711,Karigurashi no Arrietty,Fantasy,
7724,Shiki,"Mystery, Supernatural, Thriller, Vampire",
8129,Kuragehime,"Comedy, Josei, Slice of Life",
9289,Hanasaku Iroha,"Comedy, Drama, Seinen, Slice of Life",
9513,Beelzebub,"Action, Comedy, Demons, School, Shounen, Supernatural",
10321,Uta no☆Prince-sama♪ Maji Love 1000%,"Comedy, Harem, Music, Romance, School, Shoujo",
10418,Deadman Wonderland OVA,"Action, Horror, Sci-Fi",
16009,Kamisama no Inai Nichiyoubi,"Fantasy, Mystery",
48,.hack//Sign,"Adventure, Fantasy, Game, Magic, Mystery, Sci-Fi",
257,Ikkitousen,"Ecchi, Martial Arts, School, Super Power",
400,Seihou Bukyou Outlaw Star,"Action, Adventure, Comedy, Sci-Fi, Space",
469,Karin,"Comedy, Romance, School, Shounen, Vampire",
857,Air Gear,"Action, Comedy, Ecchi, Shounen, Sports",
72,Full Metal Panic? Fumoffu,"Action, Comedy, School",
376,Elfen Lied Special,"Drama, Ecchi, Horror, Psychological, Supernatural",
3342,Mnemosyne: Mnemosyne no Musume-tachi,"Action, Horror, Sci-Fi, Shoujo Ai, Supernatural",
9515,Highschool of the Dead: Drifters of the Dead,"Comedy, Ecchi, Supernatural",
10067,Angel Beats!: Another Epilogue,"Drama, School, Supernatural",
10490,Blood-C,"Action, Horror, School, Supernatural, Vampire",
7054,Kaichou wa Maid-sama!,"Comedy, Romance, School, Shoujo",
13469,Hyouka: Motsubeki Mono wa,Slice of Life,
1604,Katekyo Hitman Reborn!,"Action, Comedy, Shounen, Super Power",
7592,Nurarihyon no Mago,"Action, Demons, Shounen, Supernatural",
10049,Nurarihyon no Mago: Sennen Makyou,"Action, Demons, Shounen, Supernatural",
10213,Maji de Watashi ni Koi Shinasai!,"Comedy, Ecchi, Harem, Martial Arts, Romance, School, Super Power",
12049,Fairy Tail Movie 1: Houou no Miko,"Action, Adventure, Comedy, Fantasy, Magic, Shounen",
16668,Kakumeiki Valvrave,"Action, Mecha, Space",
894,Dragon Ball Z Movie 01: Ora no Gohan wo Kaese!!,"Adventure, Comedy, Fantasy, Sci-Fi, Shounen",
895,Dragon Ball Z Movie 02: Kono Yo de Ichiban Tsuyoi Yatsu,"Adventure, Comedy, Fantasy, Sci-Fi, Shounen",
897,Dragon Ball Z Movie 04: Super Saiyajin da Son Gokuu,"Adventure, Fantasy, Sci-Fi, Shounen",
899,Dragon Ball Z Movie 06: Gekitotsu!! 100-oku Power no Senshi-tachi,"Adventure, Comedy, Fantasy, Sci-Fi, Shounen",
900,Dragon Ball Z Movie 07: Kyokugen Battle!! Sandai Super Saiyajin,"Adventure, Comedy, Fantasy, Sci-Fi, Shounen",
901,"Dragon Ball Z Movie 08: Moetsukiro!! Nessen, Ressen, Chougekisen","Adventure, Comedy, Fantasy, Sci-Fi, Shounen",
902,Dragon Ball Z Movie 09: Ginga Girigiri!! Bucchigiri no Sugoi Yatsu,"Adventure, Comedy, Fantasy, Sci-Fi, Shounen",
986,Dragon Ball Z Special 1: Tatta Hitori no Saishuu Kessen,"Adventure, Comedy, Fantasy, Sci-Fi, Shounen",
1726,Devil May Cry,"Action, Demons, Fantasy",
11701,Another: The Other - Inga,"Horror, Mystery, Thriller",
14837,Dragon Ball Z Movie 14: Kami to Kami,"Action, Adventure, Fantasy, Martial Arts, Shounen, Super Power",
18397,Shingeki no Kyojin OVA,"Action, Drama, Fantasy, Shounen, Super Power",
21659,Kill la Kill Special,"Action, Comedy, School, Super Power",
2581,Mobile Suit Gundam 00,"Action, Drama, Mecha, Military, Sci-Fi, Space",
9617,K-On! Movie,"Comedy, Music, Slice of Life",
10161,No.6,"Action, Sci-Fi",
12291,Acchi Kocchi (TV),"Comedy, Romance, School, Seinen, Slice of Life",
13655,Little Busters!,"Comedy, Drama, School, Slice of Life, Supernatural",
16524,Suisei no Gargantia,"Action, Adventure, Mecha, Sci-Fi",
1829,Gedo Senki,"Adventure, Fantasy, Magic",
1686,Bleach Movie 1: Memories of Nobody,"Action, Adventure, Super Power",
2889,Bleach Movie 2: The DiamondDust Rebellion - Mou Hitotsu no Hyourinmaru,"Action, Adventure, Shounen, Supernatural",
4835,Bleach Movie 3: Fade to Black - Kimi no Na wo Yobu,"Action, Comedy, Shounen, Super Power, Supernatural",
8247,Bleach Movie 4: Jigoku-hen,"Action, Comedy, Shounen, Super Power, Supernatural",
12859,One Piece Film: Z,"Action, Adventure, Comedy, Drama, Fantasy, Shounen",
147,Kimi ga Nozomu Eien,"Drama, Romance, Slice of Life",
1691,Kaze no Stigma,"Action, Fantasy, Magic, Romance, Shounen",
2923,Shugo Chara!,"Comedy, Magic, School, Shoujo",
3470,Special A,"Comedy, Romance, School, Shoujo",
2966,Ookami to Koushinryou,"Adventure, Fantasy, Historical, Romance",
6862,K-On!: Live House!,"Comedy, Music, School, Slice of Life",
16001,Kokoro Connect: Michi Random,"Comedy, Drama, Romance, School, Slice of Life, Supernatural",
71,Full Metal Panic!,"Action, Comedy, Mecha, Military, Sci-Fi",
1818,Claymore,"Action, Adventure, Demons, Fantasy, Shounen, Super Power, Supernatural",
2787,Shakugan no Shana II (Second),"Action, Drama, Fantasy, Romance, School, Supernatural",
4581,Shikabane Hime: Aka,"Action, Horror, Martial Arts",
4725,Ga-Rei: Zero,"Action, Super Power, Supernatural, Thriller",
5355,Sengoku Basara,"Action, Historical, Martial Arts, Samurai, Super Power",
5940,Seiken no Blacksmith,"Action, Adventure, Fantasy",
6773,Shakugan no Shana III (Final),"Action, Drama, Fantasy, Romance, Supernatural",
6895,Hakuouki,"Action, Drama, Historical, Josei, Samurai, Supernatural",
8086,Densetsu no Yuusha no Densetsu,"Action, Adventure, Fantasy, Magic, Shounen",
9331,Yumekui Merry,"Action, Shounen, Supernatural",
10079,Hoshizora e Kakaru Hashi,"Comedy, Ecchi, Harem, Romance, School",
12413,Jormungand,"Action, Adventure, Seinen",
13331,Jormungand: Perfect Order,"Action, Adventure, Seinen",
22687,Terra Formars,"Action, Drama, Horror, Sci-Fi, Seinen, Space",
24455,Madan no Ou to Vanadis,"Adventure, Ecchi, Fantasy, Harem, Romance",
27821,Fate/stay night: Unlimited Blade Works - Prologue,"Action, Fantasy, Magic, Shounen, Supernatural",
27831,Durarara!!x2 Ten,"Action, Mystery, Supernatural",
31478,Bungou Stray Dogs,"Action, Comedy, Mystery, Seinen, Supernatural",
13125,Shinsekai yori,"Drama, Horror, Mystery, Sci-Fi, Supernatural",
14289,Sukitte Ii na yo.,"Romance, School, Shoujo",
237,Eureka Seven,"Adventure, Drama, Mecha, Romance, Sci-Fi",
1723,Clannad Movie,"Drama, Fantasy, Romance, School",
3731,Itazura na Kiss,"Comedy, Romance, Shoujo",
5118,Suzumiya Haruhi-chan no Yuuutsu,"Comedy, Parody",
1498,Black Blood Brothers,"Action, Comedy, Fantasy, Shounen, Supernatural, Vampire",
5525,07-Ghost,"Action, Demons, Fantasy, Magic, Military, Shoujo",
6030,Needless,"Action, Comedy, Ecchi, Sci-Fi, Super Power",
9330,Dragon Crisis!,"Action, Magic, Romance, School, Seinen, Supernatural",
12293,Campione!: Matsurowanu Kamigami to Kamigoroshi no Maou,"Comedy, Ecchi, Fantasy, Harem, Magic, Romance",
1482,D.Gray-man,"Action, Adventure, Comedy, Shounen",
1827,Seirei no Moribito,"Action, Adventure, Fantasy, Historical",
1965,Sola,"Drama, Romance, Slice of Life, Supernatural",
3091,xxxHOLiC Kei,"Comedy, Drama, Mystery, Psychological, Supernatural",
3230,Druaga no Tou: The Aegis of Uruk,"Adventure, Comedy, Fantasy",
4177,Bounen no Xamdou,"Action, Military, Sci-Fi",
4744,Akaneiro ni Somaru Saka,"Comedy, Harem, Romance, School",
4752,Vampire Knight Guilty,"Drama, Mystery, Romance, Shoujo, Supernatural, Vampire",
5342,Asura Cryin&#039;,"Action, Mecha, Supernatural",
5530,Pandora Hearts,"Adventure, Fantasy, Mystery, Shounen, Supernatural",
9941,Tiger &amp; Bunny,"Action, Comedy, Mystery, Super Power",
10155,Dog Days,"Action, Adventure, Fantasy, Magic",
10578,C³,"Action, Comedy, Ecchi, School, Supernatural",
16035,Karneval (TV),"Action, Fantasy, Mystery, Sci-Fi, Shoujo",
22877,Seirei Tsukai no Blade Dance,"Action, Comedy, Ecchi, Fantasy, Harem, Romance, School, Supernatural",
25013,Akatsuki no Yona,"Action, Adventure, Comedy, Fantasy, Romance, Shoujo",
29095,Grisaia no Rakuen,"Drama, Harem, Psychological, Romance",
30654,Ansatsu Kyoushitsu (TV) 2nd Season,"Action, Comedy, School, Shounen",
5630,Higashi no Eden,"Action, Comedy, Drama, Mystery, Romance, Sci-Fi, Thriller",
8915,Dantalian no Shoka,"Action, Historical, Mystery, Supernatural",
10721,Mawaru Penguindrum,"Comedy, Drama, Mystery, Psychological",
15085,Amnesia,"Fantasy, Josei, Mystery, Romance",
1571,Ghost Hunt,"Comedy, Horror, Mystery, Shoujo, Supernatural",
1579,Kiniro no Corda: Primo Passo,"Comedy, Drama, Harem, Magic, Music, Romance, School, Shoujo",
4722,Skip Beat!,"Comedy, Drama, Romance, Shoujo",
8425,Gosick,"Drama, Historical, Mystery, Romance",
10800,Chihayafuru,"Drama, Game, Josei, Slice of Life, Sports",
322,Paradise Kiss,"Comedy, Drama, Josei, Romance, Slice of Life",
594,Naruto: Takigakure no Shitou - Ore ga Eiyuu Dattebayo!,"Action, Adventure, Comedy, Shounen, Super Power",
3572,Macross F,"Action, Mecha, Military, Music, Romance, Sci-Fi, Space",
5300,Zoku Natsume Yuujinchou,"Drama, Fantasy, Shoujo, Slice of Life, Supernatural",
6045,Kimi ni Todoke,"Romance, School, Shoujo, Slice of Life",
9656,Kimi ni Todoke 2nd Season,"Romance, School, Shoujo, Slice of Life",
10379,Natsume Yuujinchou San,"Drama, Fantasy, Shoujo, Slice of Life, Supernatural",
11665,Natsume Yuujinchou Shi,"Drama, Fantasy, Shoujo, Slice of Life, Supernatural",
14397,Chihayafuru 2,"Drama, Game, Josei, Slice of Life, Sports",
14713,Kamisama Hajimemashita,"Comedy, Demons, Fantasy, Romance, Shoujo, Supernatural",
22101,Soredemo Sekai wa Utsukushii,"Adventure, Fantasy, Romance, Shoujo",
9982,Fairy Tail OVA,"Comedy, Ecchi, Fantasy, Magic, Shounen",
2494,Goshuushou-sama Ninomiya-kun,"Comedy, Ecchi, Fantasy, Harem",
3927,Mobile Suit Gundam 00 Second Season,"Action, Drama, Mecha, Military, Sci-Fi, Space",
33,Berserk,"Action, Adventure, Demons, Drama, Fantasy, Horror, Military, Romance, Seinen, Supernatural",
90,Mobile Suit Gundam Wing,"Action, Drama, Mecha, Military, Sci-Fi, Space",
384,Gantz,"Action, Drama, Horror, Psychological, Sci-Fi, Supernatural",
4155,One Piece Film: Strong World,"Action, Adventure, Comedy, Drama, Fantasy, Shounen",
73,Full Metal Panic! The Second Raid,"Action, Mecha, Military",
387,Haibane Renmei,"Drama, Fantasy, Mystery, Psychological, Slice of Life",
467,Ghost in the Shell: Stand Alone Complex,"Action, Mecha, Military, Police, Sci-Fi, Seinen",
585,Mimi wo Sumaseba,"Adventure, Drama, Fantasy, Romance, Slice of Life",
801,Ghost in the Shell: Stand Alone Complex 2nd GIG,"Action, Mecha, Military, Mystery, Police, Sci-Fi, Seinen",
4789,ef: A Tale of Melodies.,"Drama, Mystery, Romance, Supernatural",
4901,Black Lagoon: Roberta&#039;s Blood Trail,"Action, Seinen",
5341,Ookami to Koushinryou II,"Adventure, Fantasy, Historical, Romance",
6372,Higashi no Eden Movie I: The King of Eden,"Comedy, Drama, Mystery, Romance, Slice of Life, Thriller",
6637,Higashi no Eden Movie II: Paradise Lost,"Action, Comedy, Drama, Mystery, Romance, Thriller",
5356,Canaan,"Action, Seinen",
101,Air,"Drama, Romance, Slice of Life, Supernatural",
11553,Toradora!: Bentou no Gokui,"Comedy, Romance, School, Slice of Life",
1594,Jigoku Shoujo Futakomori,"Horror, Mystery, Psychological, Supernatural",
3092,Junjou Romantica,"Comedy, Drama, Romance, Shounen Ai",
9926,Sekaiichi Hatsukoi,"Comedy, Drama, Romance, Shounen Ai",
11123,Sekaiichi Hatsukoi 2,"Comedy, Drama, Romance, Shounen Ai",
8246,Naruto: Shippuuden Movie 4 - The Lost Tower,"Action, Comedy, Martial Arts, Shounen, Super Power",
13667,Naruto: Shippuuden Movie 6 - Road to Ninja,"Action, Adventure, Martial Arts, Shounen, Super Power",
2963,Minami-ke,"Comedy, School, Slice of Life",
8557,Shinryaku! Ika Musume,"Comedy, Shounen, Slice of Life",
3901,Baccano! Specials,"Action, Comedy, Historical, Mystery, Seinen, Supernatural",
60,Chrno Crusade,"Action, Demons, Historical, Romance, Supernatural",
412,Kore ga Watashi no Goshujinsama,"Comedy, Ecchi, Slice of Life",
762,Bleach: Memories in the Rain,"Action, Adventure, Drama, Shounen, Supernatural",
3958,Kannagi,"Comedy, School, Shounen, Supernatural",
16,Hachimitsu to Clover,"Comedy, Drama, Josei, Romance",
401,Rurouni Kenshin: Meiji Kenkaku Romantan - Seisou-hen,"Drama, Historical, Romance, Samurai, Shounen",
1142,Hachimitsu to Clover II,"Drama, Josei, Romance",
4970,Afro Samurai: Resurrection,"Action, Adventure, Samurai",
196,Onegai☆Twins,"Comedy, Drama, Harem, School, Sci-Fi",
6007,Ookami to Koushinryou II: Ookami to Kohakuiro no Yuuutsu,"Fantasy, Historical, Romance",
18119,Servant x Service,"Comedy, Slice of Life",
134,Gunslinger Girl,"Action, Drama, Military, Psychological, Sci-Fi",
408,Final Fantasy VII: Last Order,"Action, Adventure, Drama, Fantasy, Sci-Fi",
3667,Strike Witches,"Action, Ecchi, Magic, Military, Sci-Fi",
4814,Junjou Romantica 2,"Comedy, Drama, Romance, Shounen Ai",
1698,Nodame Cantabile,"Comedy, Drama, Josei, Music, Romance, Slice of Life",
372,Cardcaptor Sakura Movie 2: Fuuin Sareta Card,"Comedy, Drama, Fantasy, Magic, Romance, Shoujo",
79,Shuffle!,"Comedy, Drama, Ecchi, Fantasy, Harem, Magic, Romance, School, Seinen",
98,Mai-HiME,"Action, Comedy, Drama, Fantasy, Magic, Mecha, Romance, School, Shoujo Ai",
145,Kareshi Kanojo no Jijou,"Comedy, Drama, Romance, School, Shoujo, Slice of Life",
169,Shingetsutan Tsukihime,"Action, Horror, Mystery, Romance, Super Power, Supernatural, Vampire",
6922,Fate/stay night Movie: Unlimited Blade Works,"Action, Fantasy, Magic, Supernatural",
50,Aa! Megami-sama! (TV),"Comedy, Magic, Romance, Seinen, Supernatural",
93,Mobile Suit Gundam Seed,"Action, Drama, Mecha, Military, Romance, Sci-Fi, Space",
94,Mobile Suit Gundam Seed Destiny,"Action, Drama, Mecha, Military, Romance, Sci-Fi, Space",
53,Ai Yori Aoshi,"Comedy, Drama, Harem, Romance, Slice of Life",
267,Gungrave,"Action, Drama, Sci-Fi, Seinen, Super Power",
1536,Busou Renkin,"Action, Comedy, Fantasy, School, Shounen, Supernatural",
27,Trinity Blood,"Action, Supernatural, Vampire",
54,Appleseed (Movie),"Action, Drama, Mecha, Military, Police, Sci-Fi, Shounen",
180,Vandread,"Action, Ecchi, Mecha, Sci-Fi, Shounen, Space",
1015,Full Metal Panic! The Second Raid: Wari to Hima na Sentaichou no Ichinichi,Comedy,
9736,Astarotte no Omocha!,"Comedy, Demons, Ecchi, Fantasy, Romance, Seinen",
5112,Akikan!,"Comedy, Ecchi, Fantasy, Romance",
4477,Nodame Cantabile: Paris-hen,"Comedy, Josei, Music, Romance, Slice of Life",
5690,Nodame Cantabile Finale,"Comedy, Josei, Music, Romance",
27989,Hibike! Euphonium,"Drama, Music, School",
28025,Tsukimonogatari,"Comedy, Mystery, Supernatural",
617,Juubee Ninpuuchou,"Adventure, Fantasy, Historical, Horror, Romance, Shounen, Supernatural",
834,Bleach: The Sealed Sword Frenzy,"Adventure, Comedy, Drama, Fantasy, Shounen, Supernatural",
3467,Nogizaka Haruka no Himitsu,"Comedy, Romance",
30123,Akagami no Shirayuki-hime,"Drama, Fantasy, Romance, Shoujo",
395,Gantz 2nd Stage,"Action, Drama, Horror, Psychological, Sci-Fi, Supernatural",
10218,Berserk: Ougon Jidai-hen I - Haou no Tamago,"Action, Adventure, Demons, Fantasy, Military, Seinen, Supernatural",
12113,Berserk: Ougon Jidai-hen II - Doldrey Kouryaku,"Action, Adventure, Demons, Drama, Fantasy, Horror, Military, Seinen, Supernatural",
182,Tenkuu no Escaflowne,"Adventure, Fantasy, Mecha, Romance, Shoujo",
405,Blood: The Last Vampire,"Horror, Supernatural, Vampire",
1699,Romeo x Juliet,"Drama, Fantasy, Historical, Romance",
102,Aishiteruze Baby★★,"Comedy, Drama, Romance, Shoujo",
157,Mahou Sensei Negima!,"Comedy, Ecchi, Fantasy, Harem, Magic, Romance, School, Shounen, Super Power, Supernatural",
191,Love Hina Christmas Special: Silent Eve,"Comedy, Romance, Slice of Life",
192,Love Hina Haru Special: Kimi Sakura Chiru Nakare!!,"Adventure, Comedy, Romance",
330,Midori no Hibi,"Comedy, Drama, Ecchi, Romance, Shounen",
7662,Shinrei Tantei Yakumo,"Horror, Mystery, Shoujo, Supernatural",
710,Rec,"Comedy, Drama, Romance",
856,Utawarerumono,"Action, Drama, Fantasy, Sci-Fi",
